scenario_id,split,structural,severity,extent_m,profile,Z_FULL,Z_FL,Delta_flow,flow_share,flow_response_sign
0,train,False,1.0,800.0,recurrent,0.0006437864224181,0.0006437871770251,-7.546069736956428e-10,-1.1721386898178036e-06,attenuation
1,train,False,0.25,800.0,recurrent,0.000643784317163,0.0006437845799322,-2.627691892201356e-10,-4.0816338984164003e-07,attenuation
2,train,False,0.75,300.0,persistent,0.0006438566625482,0.0006438574043503,-7.41802073434862e-10,-1.1521230059172211e-06,attenuation
3,train,False,0.5,800.0,recurrent,0.0012925711873699,0.0013521037304626,-5.9532543092671256e-05,-0.046057457936848324,attenuation
4,train,False,1.0,300.0,short,0.0009804762564477,0.0009804872665091,-1.1010061447399784e-08,-1.1229299409339727e-05,attenuation
5,train,False,0.25,300.0,recurrent,0.000643784122578,0.0006437844663843,-3.43806239879417e-10,-5.340396381673142e-07,attenuation
6,train,False,0.25,1600.0,recurrent,0.0025312766932682,0.0026359913194791,-0.0001047146262109,-0.04136830497012956,attenuation
7,train,False,0.5,300.0,recurrent,0.0006437837502946,0.0006437844674193,-7.171246695428234e-10,-1.1139216689061538e-06,attenuation
8,train,False,0.5,1600.0,persistent,0.0006440179734068,0.0006440193073229,-1.3339161432325206e-09,-2.0712405527693866e-06,attenuation
9,train,False,0.75,1600.0,recurrent,0.0016291534375229,0.0016932272187098,-6.407378118690444e-05,-0.03932949451607672,attenuation
10,train,False,0.75,300.0,recurrent,0.0006456913789283,0.0006457088539685,-1.7475040204923027e-08,-2.7064075462688687e-05,attenuation
11,train,False,0.5,800.0,persistent,0.0007419726718304,0.0007422072415211,-2.3456969064784405e-07,-0.00031614330224477853,attenuation
12,train,False,0.75,800.0,persistent,0.0008141170754632,0.0008155890700042,-1.4719945409622391e-06,-0.0018080870495496403,attenuation
13,train,False,0.75,300.0,persistent,0.0006437840117624,0.0006437844850301,-4.73267715165107e-10,-7.351343098277733e-07,attenuation
14,train,False,0.5,800.0,persistent,0.0009756518542241,0.0010057218703734,-3.0070016149268217e-05,-0.030820436633292512,attenuation
15,train,False,0.25,300.0,short,0.0006451840669176,0.0006451982723955,-1.4205477887638087e-08,-2.2017713418599264e-05,attenuation
16,train,False,1.0,300.0,recurrent,0.0006616743760479,0.0006616749826774,-6.066295108386395e-10,-9.168097372335367e-07,attenuation
17,train,False,0.5,1600.0,recurrent,0.0022406979326043,0.0023800290788949,-0.0001393311462906,-0.062182030100174784,attenuation
18,train,False,0.5,1600.0,persistent,0.0006470553201696,0.0006471130341121,-5.7713942462254114e-08,-8.919475764008351e-05,attenuation
19,train,False,0.5,1600.0,recurrent,0.0006591318592583,0.0006591336090383,-1.7497800118559947e-09,-2.6546737003806283e-06,attenuation
20,train,False,0.25,1600.0,recurrent,0.0010039810514728,0.0010188486315492,-1.4867580076456707e-05,-0.014808626173418875,attenuation
21,train,False,0.75,300.0,recurrent,0.0006437840865131,0.0006437844663843,-3.7987120003399317e-10,-5.900599408902342e-07,attenuation
22,train,False,0.75,1600.0,short,0.0006439564658001,0.0006439570181076,-5.523074778556944e-10,-8.576782860149809e-07,attenuation
23,train,False,1.0,300.0,persistent,0.0006437841269959,0.0006437844835111,-3.5651513696517007e-10,-5.537805640359327e-07,attenuation
24,train,False,0.5,1600.0,recurrent,0.0006524017971067,0.000652484734463,-8.293735631495319e-08,-0.00012712619229862242,attenuation
25,train,False,0.25,300.0,recurrent,0.0006437844712434,0.0006437844663843,4.859142602176014e-12,7.54777851784947e-09,amplification
26,train,False,0.5,800.0,short,0.0006624665929205,0.0006625037822089,-3.7189288425252404e-08,-5.613760576409223e-05,attenuation
27,train,False,0.25,800.0,short,0.000676211092706,0.0006764614092253,-2.5031651931556494e-07,-0.0003701751154567297,attenuation
28,train,False,0.5,1600.0,persistent,0.0006438588642237,0.0006438603771666,-1.5129428690766054e-09,-2.349805140759783e-06,attenuation
29,train,False,0.5,300.0,short,0.0006437842502993,0.0006437844988319,-2.4853254437101624e-10,-3.8604943232996406e-07,attenuation
30,train,False,0.25,800.0,short,0.0007187067142845,0.0007189810413539,-2.743270694298937e-07,-0.0003816954314987815,attenuation
31,train,False,0.25,300.0,recurrent,0.0006466338945873,0.0006466369072662,-3.01267886429913e-09,-4.6590178608282e-06,attenuation
32,train,False,0.25,800.0,persistent,0.0006578372688153,0.0006578533698217,-1.6101006411711576e-08,-2.4475667729661926e-05,attenuation
33,train,False,1.0,800.0,persistent,0.0006438101353775,0.00064381044912,-3.1374251655870433e-10,-4.873214932764929e-07,attenuation
34,train,False,1.0,800.0,recurrent,0.0006438517872514,0.0006438527183854,-9.311340650342698e-10,-1.4461931821441024e-06,attenuation
35,train,False,0.5,800.0,recurrent,0.0007122612407685,0.0007127445632643,-4.833224958436305e-07,-0.000678574753446005,attenuation
36,train,False,0.25,300.0,short,0.0006438395490276,0.0006438404846845,-9.356568435618315e-10,-1.4532453698673332e-06,attenuation
37,train,False,0.5,800.0,recurrent,0.0006806506924296,0.0006808495149747,-1.9882254506426065e-07,-0.0002921065787130231,attenuation
38,train,False,0.25,300.0,recurrent,0.0006437836413371,0.0006437844681091,-8.267719606809206e-10,-1.2842388460877397e-06,attenuation
39,train,False,0.25,1600.0,short,0.0006437976285313,0.0006437983458597,-7.173284922870961e-10,-1.114214250716553e-06,attenuation
40,train,False,0.75,800.0,short,0.0006437891967822,0.0006437902120851,-1.0153029169355024e-09,-1.57707355452718e-06,attenuation
41,train,False,0.5,300.0,short,0.0006437850100429,0.000643785809024,-7.989811074034237e-10,-1.2410682059064746e-06,attenuation
42,train,False,0.25,800.0,recurrent,0.0006608263839375,0.0006609237081981,-9.732426062595505e-08,-0.00014727659638232582,attenuation
43,train,False,0.25,800.0,recurrent,0.0006437894366769,0.0006437905353831,-1.0987061356201866e-09,-1.706623428448076e-06,attenuation
44,train,False,0.75,800.0,recurrent,0.0006437956115041,0.0006437955721352,3.936882959389154e-11,6.115113071664799e-08,amplification
45,train,False,0.25,1600.0,short,0.0014779429017536,0.0015286173964523,-5.067449469871137e-05,-0.03428718026832117,attenuation
46,train,False,0.5,1600.0,short,0.000668659657606,0.000668837270688,-1.776130820398559e-07,-0.0002656255391206992,attenuation
47,train,False,0.5,1600.0,recurrent,0.0016529267970928,0.0016807095601426,-2.778276304981112e-05,-0.016808223509157203,attenuation
48,train,False,0.5,800.0,short,0.000643786807918,0.0006437872051578,-3.972397795903512e-10,-6.170362217812766e-07,attenuation
49,train,False,1.0,300.0,persistent,0.00065170539676,0.0006517101864581,-4.789698093872474e-09,-7.349483551440269e-06,attenuation
50,train,False,1.0,800.0,short,0.0006509238868224,0.0006509625179449,-3.863112257016833e-08,-5.934814093050569e-05,attenuation
51,train,False,1.0,800.0,recurrent,0.000699003875581,0.0006989309200652,7.295551580444124e-08,0.00010437068856564189,amplification
52,train,False,0.25,1600.0,short,0.0006437874374194,0.000643788060455,-6.230356767609677e-10,-9.677661298555079e-07,attenuation
53,train,False,0.5,300.0,persistent,0.0006449939165641,0.0006450093238137,-1.5407249654049437e-08,-2.388743406468742e-05,attenuation
54,train,False,0.5,1600.0,recurrent,0.0010828590770998,0.0010914377961627,-8.578719062918554e-06,-0.007922285775074967,attenuation
55,train,False,0.75,300.0,short,0.0006443176325765,0.0006443287655897,-1.1133013229510344e-08,-1.727876542038995e-05,attenuation
56,train,False,1.0,300.0,persistent,0.0006442124047651,0.0006442129450262,-5.40261041849857e-10,-8.386380607601821e-07,attenuation
57,train,False,0.5,300.0,short,0.0006438207879973,0.000643821286692,-4.986947387160268e-10,-7.745862637758104e-07,attenuation
58,train,False,0.75,1600.0,short,0.001466065112747,0.0015011817133619,-3.511660061498176e-05,-0.023952961099512816,attenuation
59,train,False,0.5,300.0,persistent,0.0006437840129961,0.0006437844814175,-4.684213723285187e-10,-7.276064066091626e-07,attenuation
60,train,False,0.75,800.0,short,0.000676629763755,0.0006771315924094,-5.018286543652601e-07,-0.0007416591483950248,attenuation
61,train,False,0.75,1600.0,short,0.0017779076044465,0.0018095964461013,-3.168884165480378e-05,-0.017823671812613223,attenuation
62,train,False,0.75,300.0,persistent,0.0006437834926046,0.0006437844788978,-9.862931593402483e-10,-1.532026171329639e-06,attenuation
63,train,False,0.5,800.0,persistent,0.0006437843125192,0.0006437847133007,-4.00781491110766e-10,-6.225400080695711e-07,attenuation
64,train,False,0.25,800.0,recurrent,0.0006437839825916,0.0006437845578403,-5.75248648520231e-10,-8.935429648381823e-07,attenuation
65,train,False,1.0,800.0,recurrent,0.000643793594259,0.0006437942804111,-6.861521022584817e-10,-1.0657951684782387e-06,attenuation
66,train,False,0.75,300.0,recurrent,0.0006437836907533,0.0006437844663843,-7.756309564890471e-10,-1.2048005683111834e-06,attenuation
67,train,False,0.75,300.0,recurrent,0.0006437844962776,0.0006437846929432,-1.966655788958674e-10,-3.054835586022953e-07,attenuation
68,train,False,0.5,800.0,short,0.0007727245739009,0.0007852159210581,-1.2491347157245331e-05,-0.016165329250739366,attenuation
69,train,False,0.5,1600.0,persistent,0.0006570090137833,0.000657113208723,-1.041949397167239e-07,-0.00015858981769021864,attenuation
70,train,False,0.5,800.0,recurrent,0.0006437873616755,0.0006437881437425,-7.820669709708224e-10,-1.2147908106419492e-06,attenuation
71,train,False,0.25,300.0,short,0.0006438071240403,0.0006438077068137,-5.827733676492737e-10,-9.051986936584353e-07,attenuation
72,train,False,0.5,800.0,short,0.0006439084463642,0.0006439092269479,-7.80583719406716e-10,-1.2122588604237865e-06,attenuation
73,train,False,0.25,1600.0,recurrent,0.0021137452982983,0.0022004412708137,-8.669597251541577e-05,-0.041015335473584054,attenuation
74,train,False,0.5,800.0,short,0.0007740026909958,0.0007749357810311,-9.330900353807888e-07,-0.0012055384900281337,attenuation
75,train,False,0.5,800.0,persistent,0.0006857567071281,0.0006858548926657,-9.81855376193646e-08,-0.0001431783846935433,attenuation
76,train,False,0.5,800.0,persistent,0.0007503780769088,0.0007507353854803,-3.5730857149743854e-07,-0.00047617138945393975,attenuation
77,train,False,0.75,800.0,short,0.0007290832172266,0.0007367450084169,-7.661791190233616e-06,-0.010508802025890442,attenuation
78,train,False,0.75,800.0,persistent,0.0006728488368368,0.000672942679482,-9.384264518697181e-08,-0.0001394706211103006,attenuation
79,train,False,0.75,300.0,short,0.0006437848678895,0.0006437844766737,3.912157779803124e-10,6.076809156183229e-07,amplification
80,train,False,1.0,800.0,short,0.0008167254789988,0.000817022614641,-2.971356422388832e-07,-0.00036381336186931885,attenuation
81,train,False,0.75,1600.0,persistent,0.0006444475787042,0.0006444565048391,-8.926134939697683e-09,-1.3850831680748324e-05,attenuation
82,train,False,0.75,800.0,persistent,0.0006437916308782,0.0006437923113506,-6.804724496552171e-10,-1.056976228049098e-06,attenuation
83,train,False,0.75,1600.0,persistent,0.0007572462971316,0.0007581570977819,-9.108006503266534e-07,-0.0012027799327335208,attenuation
84,train,False,0.5,300.0,short,0.0006437841687903,0.0006437844718312,-3.030409801135086e-10,-4.70718285419998e-07,attenuation
85,train,False,0.5,800.0,short,0.0006437957130756,0.0006437967536942,-1.0406185953085526e-09,-1.6163801252065097e-06,attenuation
86,train,False,0.5,800.0,recurrent,0.0006437844532299,0.0006437846812823,-2.280523768959097e-10,-3.5423716082573774e-07,attenuation
87,train,False,1.0,300.0,persistent,0.000728375481597,0.0007302437976139,-1.868316016884024e-06,-0.002565045178055207,attenuation
88,train,False,0.5,1600.0,recurrent,0.0017534344458382,0.0017812293566258,-2.779491078761897e-05,-0.015851696568178274,attenuation
89,train,False,0.75,800.0,short,0.0006442682303942,0.0006442709594631,-2.7290689360052675e-09,-4.235920393491183e-06,attenuation
90,train,False,1.0,800.0,short,0.0006802881577651,0.0006899712310977,-9.683073332681965e-06,-0.014233781996871803,attenuation
91,train,False,0.25,300.0,recurrent,0.0006437836429131,0.0006437844689454,-8.260323505933365e-10,-1.283089994109771e-06,attenuation
92,train,False,0.5,1600.0,short,0.0014456401655616,0.0014689953452899,-2.3355179728346212e-05,-0.016155596866162907,attenuation
93,train,False,0.25,1600.0,short,0.0006438467032583,0.0006438469352728,-2.3201446981094967e-10,-3.6035669459329285e-07,attenuation
94,train,False,1.0,300.0,short,0.0006524163326788,0.0006524175312235,-1.1985447172496028e-09,-1.8370857031252076e-06,attenuation
95,train,False,0.75,300.0,short,0.0006437846822729,0.0006437852487164,-5.66443517199984e-10,-8.798648566786946e-07,attenuation
96,train,False,0.5,300.0,short,0.000643783950323,0.0006437844769301,-5.266070738111846e-10,-8.179872666085801e-07,attenuation
97,train,False,0.5,1600.0,recurrent,0.0006437894772163,0.0006437903385862,-8.613698811296353e-10,-1.3379682514447697e-06,attenuation
98,train,False,0.75,1600.0,recurrent,0.0006913960974309,0.0006917032444688,-3.0714703791597745e-07,-0.0004442417870990002,attenuation
99,train,False,0.75,1600.0,recurrent,0.0006440542977567,0.0006440554311488,-1.133392030510001e-09,-1.759777140619524e-06,attenuation
100,train,False,0.75,1600.0,short,0.0018323935124282,0.001867150902743,-3.4757390314784026e-05,-0.018968300247213382,attenuation
101,train,False,0.75,300.0,short,0.000643783827261,0.0006437844667119,-6.394509381637409e-10,-9.932696521506394e-07,attenuation
102,train,False,0.25,800.0,short,0.0006437850717012,0.000643785708886,-6.37184817279049e-10,-9.897477361431979e-07,attenuation
103,train,False,0.25,1600.0,recurrent,0.0011909440402081,0.0012056009109985,-1.4656870790457363e-05,-0.012306934915175602,attenuation
104,train,False,0.5,300.0,recurrent,0.0006437838043082,0.0006437844676082,-6.63299975383648e-10,-1.0303147903765919e-06,attenuation
105,train,False,0.5,300.0,short,0.0006437838706456,0.0006437844708589,-6.00213287491741e-10,-9.323211016297046e-07,attenuation
106,train,False,1.0,300.0,short,0.0006502416238051,0.0006503362021916,-9.457838649599461e-08,-0.00014545114159647066,attenuation
107,train,False,0.75,800.0,short,0.000643783702566,0.0006437847017725,-9.992064503279788e-10,-1.5520841026968077e-06,attenuation
108,train,False,0.25,800.0,short,0.0006548681856195,0.0006550062250507,-1.380394311628749e-07,-0.00021078964315893696,attenuation
109,train,False,0.75,800.0,short,0.0006711789716543,0.0006714451698985,-2.661982442062755e-07,-0.0003966129087002812,attenuation
110,train,False,1.0,300.0,short,0.0009570495648489,0.0009573391543954,-2.8958954648725457e-07,-0.0003025857354973828,attenuation
111,train,False,0.25,300.0,short,0.0006438069163746,0.0006438073979548,-4.815802043169752e-10,-7.480196190324353e-07,attenuation
112,train,False,0.5,800.0,short,0.0006437841627993,0.0006437845907254,-4.279260723983464e-10,-6.64704255130539e-07,attenuation
113,train,False,0.25,800.0,recurrent,0.0006437931523034,0.000643794214418,-1.0621145271876712e-09,-1.6497760552245346e-06,attenuation
114,train,False,1.0,800.0,short,0.0012057732483613,0.0012485984492875,-4.282520092613968e-05,-0.035516794707745464,attenuation
115,train,False,0.25,300.0,short,0.0006437953687914,0.0006437961897171,-8.209256654448036e-10,-1.275134468559367e-06,attenuation
116,train,False,0.75,1600.0,recurrent,0.0016362211919099,0.0016741543886365,-3.7933196726589206e-05,-0.023183416101774844,attenuation
117,train,False,1.0,300.0,short,0.0006437841861146,0.0006437844677693,-2.8165467408445416e-10,-4.374985906135893e-07,attenuation
118,train,False,0.25,800.0,persistent,0.0007636994600301,0.0007752556869998,-1.1556226969732094e-05,-0.015131904072940714,attenuation
119,train,False,0.25,1600.0,recurrent,0.0006439894487642,0.0006439935475878,-4.098823545004883e-09,-6.36473711311641e-06,attenuation
120,train,False,0.25,1600.0,short,0.0006744249939887,0.0006748360885682,-4.110945795171442e-07,-0.000609548256931937,attenuation
121,train,False,0.75,300.0,short,0.0006444692244389,0.0006444884662732,-1.924183431231512e-08,-2.9856870712589587e-05,attenuation
122,train,False,1.0,300.0,recurrent,0.0006868823750988,0.0006869205109825,-3.81358836754617e-08,-5.5520253624175905e-05,attenuation
123,train,False,0.25,800.0,short,0.0006539971285836,0.0006540224172326,-2.5288649027274682e-08,-3.866782883595192e-05,attenuation
124,train,False,0.25,300.0,short,0.0006437843320249,0.0006437844663843,-1.3435942462780568e-10,-2.0870253894686116e-07,attenuation
125,train,False,0.5,1600.0,short,0.0006438120063047,0.0006438128902905,-8.83985886877478e-10,-1.3730497074003148e-06,attenuation
126,train,False,0.75,800.0,short,0.0006437837905997,0.0006437845046311,-7.140314154828116e-10,-1.1091167965221279e-06,attenuation
127,train,False,0.25,800.0,persistent,0.000679810092779,0.0006804201964548,-6.101036758016229e-07,-0.0008974619269148773,attenuation
128,train,False,0.5,300.0,persistent,0.000643814056991,0.0006438151298398,-1.07284884838868e-09,-1.6663955015254934e-06,attenuation
129,train,False,0.5,1600.0,short,0.0030542521946867,0.003214049310377,-0.0001597971156903,-0.052319555002134234,attenuation
130,train,False,0.75,800.0,short,0.0006437839062042,0.0006437846445827,-7.383784292542063e-10,-1.146935209374436e-06,attenuation
131,train,False,0.5,800.0,recurrent,0.0006437838950215,0.0006437846145532,-7.195317538403329e-10,-1.1176603816973445e-06,attenuation
132,train,False,1.0,800.0,short,0.0006841329845065,0.0006842044127915,-7.142828495983102e-08,-0.0001044070181930431,attenuation
133,train,False,0.75,800.0,persistent,0.0007929116324694,0.0007942183714498,-1.306738980411874e-06,-0.0016480259929372442,attenuation
134,train,False,0.5,300.0,short,0.0006438272158295,0.0006438281279061,-9.120766317769272e-10,-1.4166481461983826e-06,attenuation
135,train,False,1.0,800.0,recurrent,0.0006437841033322,0.0006437846154789,-5.121467540423336e-10,-7.955256294641061e-07,attenuation
136,train,False,1.0,300.0,recurrent,0.0006437840283958,0.0006437846131694,-5.84773608551005e-10,-9.083381736079428e-07,attenuation
137,train,False,0.25,1600.0,recurrent,0.0011922082437093,0.0012069138974367,-1.470565372739107e-05,-0.012334802921373521,attenuation
138,train,False,0.25,1600.0,short,0.0011299175991149,0.0011670733228822,-3.71557237672938e-05,-0.03288356938275768,attenuation
139,train,False,0.25,1600.0,recurrent,0.0006713906345866,0.000671741988959,-3.51354372364783e-07,-0.0005233233147214287,attenuation
140,train,False,1.0,800.0,short,0.0006976641624808,0.0006978287633802,-1.6460089942286517e-07,-0.00023593142413617246,attenuation
141,train,False,1.0,300.0,persistent,0.0006439097804459,0.0006439102027195,-4.2227360865822173e-10,-6.557962333881654e-07,attenuation
142,train,False,0.5,300.0,recurrent,0.0006443202956262,0.0006443209803625,-6.847362752759183e-10,-1.0627265351162638e-06,attenuation
143,train,False,0.25,1600.0,persistent,0.0010597106069451,0.001085243876076,-2.553326913088609e-05,-0.024094567859892037,attenuation
144,train,False,1.0,800.0,persistent,0.0017353927504764,0.001741744075734,-6.351325257661225e-06,-0.003659877716970789,attenuation
145,train,False,0.25,1600.0,recurrent,0.0006439191221171,0.0006439196027963,-4.806792044476441e-10,-7.464900294733444e-07,attenuation
146,train,False,0.25,800.0,persistent,0.000645580143,0.0006455898963831,-9.753383060830817e-09,-1.510793534557462e-05,attenuation
147,train,False,0.75,1600.0,persistent,0.0031654861082205,0.003243447606091,-7.79614978705036e-05,-0.024628602118342634,attenuation
148,train,False,1.0,800.0,short,0.0007964264428532,0.0007975981020195,-1.1716591662765813e-06,-0.001471145485927249,attenuation
149,train,False,1.0,300.0,persistent,0.0006437838775658,0.0006437847379113,-8.603454924394419e-10,-1.3363886894659109e-06,attenuation
150,train,False,0.25,1600.0,persistent,0.0007364893983404,0.0007397869113081,-3.297512967709196e-06,-0.0044773393549721,attenuation
151,train,False,0.75,1600.0,short,0.0006666212359918,0.0006668208869141,-1.9965092234628613e-07,-0.0002994967930315709,attenuation
152,train,False,0.75,1600.0,short,0.0007202057815107,0.0007207199726121,-5.141911013764383e-07,-0.0007139502550199938,attenuation
153,train,False,0.5,300.0,short,0.0006446871271534,0.0006446876880767,-5.609233350153606e-10,-8.700706302173329e-07,attenuation
154,train,False,0.5,300.0,short,0.0006437836699325,0.0006437844673546,-7.974220670716943e-10,-1.238649105770737e-06,attenuation
155,train,False,0.75,1600.0,recurrent,0.0006437992430859,0.0006437996753552,-4.3226930227565486e-10,-6.714349339767375e-07,attenuation
156,train,False,0.25,800.0,persistent,0.0011550636883052,0.0011875713591062,-3.250767080097616e-05,-0.02814361764646412,attenuation
157,train,False,1.0,300.0,short,0.0006438941784291,0.0006438948863692,-7.079400852431221e-10,-1.0994665101185944e-06,attenuation
158,train,False,0.25,300.0,recurrent,0.0006437837932381,0.0006437844663843,-6.731461651109104e-10,-1.0456090572350755e-06,attenuation
159,train,False,0.75,1600.0,short,0.0006439276816018,0.0006439283323283,-6.507265203027288e-10,-1.0105583886128583e-06,attenuation
160,train,False,0.75,300.0,short,0.0006848376314687,0.0006857937990475,-9.5616757877419e-07,-0.0013961960249228664,attenuation
161,train,False,0.25,800.0,recurrent,0.0006437843852345,0.0006437844978167,-1.1258212667241556e-10,-1.7487551617364446e-07,attenuation
162,train,False,0.75,800.0,recurrent,0.0006437842373516,0.0006437848427438,-6.053921836491476e-10,-9.403650299665776e-07,attenuation
163,train,False,0.75,1600.0,recurrent,0.0006438640073361,0.0006438645045041,-4.971680320035865e-10,-7.721631063996756e-07,attenuation
164,train,False,0.5,300.0,persistent,0.0006437839994069,0.0006437844673494,-4.679425097192311e-10,-7.268625970051031e-07,attenuation
165,train,False,0.75,800.0,short,0.000648358952026,0.0006483855808561,-2.6628830021558324e-08,-4.107112262173327e-05,attenuation
166,train,False,0.75,800.0,recurrent,0.0007977504387325,0.0008140994257547,-1.6348987022124528e-05,-0.020493861524038138,attenuation
167,train,False,0.25,300.0,short,0.0006437838926138,0.0006437844689615,-5.763477200918313e-10,-8.952502954863099e-07,attenuation
168,train,False,0.5,800.0,persistent,0.000656154277728,0.0006561764420144,-2.216428639483913e-08,-3.3779077797961164e-05,attenuation
169,train,False,0.75,1600.0,short,0.0006661526612508,0.0006661543758504,-1.7145995375453594e-09,-2.5738837916311037e-06,attenuation
170,train,False,0.5,800.0,recurrent,0.0006438125615267,0.0006438129297175,-3.6819075989024536e-10,-5.718912334005087e-07,attenuation
171,train,False,1.0,800.0,short,0.001176806114024,0.0011875018848666,-1.0695770842607212e-05,-0.009088813114705725,attenuation
172,train,False,0.5,800.0,recurrent,0.0006451609389751,0.0006451617116422,-7.72667164625207e-10,-1.1976347573873007e-06,attenuation
173,train,False,0.75,300.0,short,0.0006437837412898,0.0006437844665408,-7.252509441526417e-10,-1.1265443620859774e-06,attenuation
174,train,False,0.5,300.0,recurrent,0.0006443186020422,0.0006443189608764,-3.5883421136816834e-10,-5.569204586532585e-07,attenuation
175,train,False,1.0,800.0,short,0.0006440334305531,0.0006440340814729,-6.509197996145548e-10,-1.0106925646010966e-06,attenuation
176,train,False,0.25,300.0,persistent,0.000643784501291,0.0006437844663843,3.4906687241230416e-11,5.422107424337027e-08,amplification
177,train,False,0.75,800.0,persistent,0.0006437837713678,0.0006437845958336,-8.244658198340581e-10,-1.280656419906914e-06,attenuation
178,train,False,0.5,300.0,short,0.0006437840620389,0.0006437844731441,-4.1110520228922887e-10,-6.385762346884386e-07,attenuation
179,train,False,0.25,1600.0,short,0.0006438252023251,0.0006438260653766,-8.630515412576255e-10,-1.3405059915965e-06,attenuation
180,validation,False,0.25,800.0,recurrent,0.0006568377209835,0.0006569521518393,-1.1443085583143309e-07,-0.00017421480553841037,attenuation
181,validation,False,0.75,800.0,short,0.0006690981919566,0.0006692634979264,-1.653059697997311e-07,-0.00024705786353470437,attenuation
182,validation,False,0.25,300.0,recurrent,0.0006437838497134,0.0006437844697148,-6.200013855182235e-10,-9.630583087696841e-07,attenuation
183,validation,False,0.25,1600.0,recurrent,0.000877833849343,0.0008869646125184,-9.130763175338235e-06,-0.010401470827505685,attenuation
184,validation,False,0.5,300.0,persistent,0.0006437837326769,0.0006437845374114,-8.047344782734223e-10,-1.2500074752235153e-06,attenuation
185,validation,False,1.0,800.0,recurrent,0.0006439594225506,0.0006439597541638,-3.3161316856551715e-10,-5.149597272015383e-07,attenuation
186,validation,False,1.0,800.0,short,0.0006887927416378,0.0006897277947083,-9.35053070473665e-07,-0.0013575245700910136,attenuation
187,validation,False,1.0,300.0,persistent,0.0006447587257349,0.0006447800551833,-2.132944832496271e-08,-3.308128680329417e-05,attenuation
188,validation,False,0.25,300.0,persistent,0.0006437841322573,0.0006437844690825,-3.36825232852625e-10,-5.231959223219977e-07,attenuation
189,validation,False,0.75,800.0,short,0.0006437890420355,0.0006437896330854,-5.910498113072954e-10,-9.180799496657222e-07,attenuation
190,validation,False,0.25,800.0,persistent,0.0008024264915914,0.0008166697003603,-1.4243208768903903e-05,-0.017750172655262512,attenuation
191,validation,False,0.75,1600.0,short,0.0006438950210928,0.0006438958713648,-8.50271974464807e-10,-1.320513354835001e-06,attenuation
192,validation,False,0.5,1600.0,short,0.0006497217621578,0.0006497696850474,-4.7922889613019257e-08,-7.375909566867805e-05,attenuation
193,validation,False,0.25,300.0,persistent,0.0006437841056413,0.0006437844663843,-3.6074301326075725e-10,-5.603478093038756e-07,attenuation
194,validation,False,0.25,300.0,short,0.0006437838389124,0.0006437845627429,-7.238305060582387e-10,-1.1243378014599876e-06,attenuation
195,validation,False,0.75,800.0,recurrent,0.0007884189877001,0.0007983024782293,-9.883490529124074e-06,-0.012535835239020868,attenuation
196,validation,False,0.5,300.0,short,0.0006437842835453,0.0006437844667285,-1.8318319354882623e-10,-2.845412636357665e-07,attenuation
197,validation,False,1.0,300.0,recurrent,0.0010927416654435,0.0010929831095529,-2.4144410949332104e-07,-0.00022095259760716507,attenuation
198,validation,False,0.25,800.0,short,0.0006465209186175,0.0006465220660617,-1.147444274795725e-09,-1.7747983734994744e-06,attenuation
199,validation,False,0.5,300.0,persistent,0.0006437840768329,0.0006437845066372,-4.2980428255085657e-10,-6.676217974592996e-07,attenuation
200,validation,False,0.75,800.0,recurrent,0.0009702693093425,0.000996607714582,-2.6338405239496464e-05,-0.0271454584679635,attenuation
201,validation,False,0.5,1600.0,short,0.0006438640116965,0.0006438645115443,-4.998477663676823e-10,-7.763250582225381e-07,attenuation
202,validation,False,0.5,300.0,short,0.0006444589665938,0.0006444665753044,-7.608710563510035e-09,-1.1806353791188347e-05,attenuation
203,validation,False,0.75,300.0,short,0.0006491464457129,0.0006491603024167,-1.3856703815298169e-08,-2.134603664059283e-05,attenuation
204,validation,False,0.75,1600.0,persistent,0.0022855717919028,0.0023560050579638,-7.043326606103817e-05,-0.030816475032884698,attenuation
205,validation,False,0.25,1600.0,persistent,0.0007332239549438,0.0007363528893908,-3.128934446963304e-06,-0.004267365278870533,attenuation
206,validation,False,0.25,1600.0,short,0.0018474617506791,0.0019160711542417,-6.86094035626196e-05,-0.037137117202778236,attenuation
207,validation,False,0.5,800.0,recurrent,0.0006639849370202,0.0006641922361638,-2.0729914358794558e-07,-0.00031220458783033964,attenuation
208,validation,False,0.75,300.0,persistent,0.0006438444386709,0.0006438446564018,-2.1773090676333731e-10,-3.3817315749873256e-07,attenuation
209,validation,False,0.25,1600.0,short,0.0006438337955611,0.0006438342933299,-4.977688665983374e-10,-7.731325538208703e-07,attenuation
210,validation,False,0.5,800.0,short,0.0007312516554926,0.0007317734970532,-5.218415606001413e-07,-0.0007136278689839111,attenuation
211,validation,False,0.5,800.0,persistent,0.000664120596201,0.0006641606109958,-4.0014794883505046e-08,-6.0252302236075114e-05,attenuation
212,validation,False,0.75,300.0,persistent,0.0006438316637892,0.0006438324188959,-7.55106748179593e-10,-1.1728325751105432e-06,attenuation
213,validation,False,1.0,300.0,short,0.0006437835460998,0.0006437844663843,-9.202845009485815e-10,-1.429493665260463e-06,attenuation
214,validation,False,0.5,1600.0,short,0.0011206814804183,0.0011523197947221,-3.1638314303808306e-05,-0.028231317155342963,attenuation
215,validation,False,0.25,1600.0,persistent,0.0006439648955104,0.0006439657085823,-8.130719521054138e-10,-1.2626029117021686e-06,attenuation
216,validation,False,1.0,800.0,short,0.0009011825485685,0.0009300583036912,-2.8875755122688808e-05,-0.03204207090844916,attenuation
217,validation,False,0.5,800.0,recurrent,0.000742989241583,0.0007539934406309,-1.1004199047833991e-05,-0.014810711154294286,attenuation
218,validation,False,0.5,1600.0,short,0.0009831100584435,0.001002583888533,-1.94738300894452e-05,-0.019808392684209704,attenuation
219,validation,False,1.0,300.0,recurrent,0.0008550392176542,0.0008574950423582,-2.455824703954273e-06,-0.0028721778524870797,attenuation
220,validation,False,0.5,1600.0,persistent,0.0058415636761949,0.006173415124854,-0.000331851448659,-0.05680866751677056,attenuation
221,validation,False,0.75,1600.0,persistent,0.0074286487139857,0.0079516996568977,-0.0005230509429119,-0.07040997132185928,attenuation
222,validation,False,0.25,300.0,persistent,0.0006437834513182,0.0006437844663843,-1.015066048034273e-09,-1.5767196965933825e-06,attenuation
223,validation,False,0.5,1600.0,short,0.0006438713832767,0.0006438725296167,-1.1463399277131942e-09,-1.7803865142746391e-06,attenuation
224,validation,False,1.0,800.0,short,0.0006437836614196,0.0006437845680069,-9.065873419816448e-10,-1.4082173815696711e-06,attenuation
225,validation,False,0.5,300.0,recurrent,0.0006437843566677,0.0006437844704413,-1.1377365174113083e-10,-1.7672633788437481e-07,attenuation
226,validation,False,0.5,1600.0,short,0.0006438778103543,0.0006438786034772,-7.93122913373724e-10,-1.2317910333597309e-06,attenuation
227,validation,False,0.5,300.0,recurrent,0.0006437936632583,0.000643794292946,-6.296877074667487e-10,-9.780893217864872e-07,attenuation
228,validation,False,0.75,300.0,recurrent,0.0006444162250341,0.0006444293192212,-1.3094187082925491e-08,-2.031945592653661e-05,attenuation
229,validation,False,0.75,300.0,recurrent,0.0006437833302701,0.0006437844663843,-1.1361141811399092e-09,-1.7647461928895414e-06,attenuation
230,validation,False,0.75,300.0,persistent,0.000643783671121,0.0006437844676548,-7.965338522228012e-10,-1.2372694244260998e-06,attenuation
231,validation,False,0.25,800.0,short,0.0006534407318242,0.000653463728717,-2.299689277646556e-08,-3.5193540372461174e-05,attenuation
232,validation,False,0.5,300.0,persistent,0.0006441072074824,0.0006441077020358,-4.945533726465057e-10,-7.678122009836681e-07,attenuation
233,validation,False,0.25,1600.0,short,0.0006438274783823,0.0006438281693156,-6.909333725817202e-10,-1.0731653987769827e-06,attenuation
234,validation,False,0.5,1600.0,persistent,0.0006438808038161,0.0006438814956165,-6.918003235155053e-10,-1.0744229668214982e-06,attenuation
235,validation,False,0.75,800.0,persistent,0.0006466777575996,0.0006466781993197,-4.4172009767366044e-10,-6.830606008675466e-07,attenuation
236,validation,False,0.5,800.0,short,0.0006437840835015,0.0006437845180937,-4.3459217398834205e-10,-6.750588980464123e-07,attenuation
237,validation,False,1.0,300.0,recurrent,0.0006437840310345,0.0006437844692898,-4.382553452086935e-10,-6.807490153249976e-07,attenuation
238,validation,False,0.25,300.0,recurrent,0.0006437840193447,0.0006437845337939,-5.144491483201688e-10,-7.991020790541219e-07,attenuation
239,validation,False,1.0,800.0,short,0.0006438032067135,0.0006438038318976,-6.251841078250968e-10,-9.710795182530226e-07,attenuation
240,test,False,0.5,300.0,persistent,0.0006439975979432,0.0006439988428475,-1.2449043636231227e-09,-1.9330885202042663e-06,attenuation
241,test,False,0.5,800.0,recurrent,0.0006437841007413,0.0006437844996321,-3.9889073077600807e-10,-6.196032650025004e-07,attenuation
242,test,False,0.25,300.0,recurrent,0.000643784342377,0.0006437844676769,-1.2529985794589027e-10,-1.946301730223111e-07,attenuation
243,test,False,0.25,800.0,recurrent,0.0006898433849611,0.0006949626737372,-5.119288776111682e-06,-0.007420943489079564,attenuation
244,test,False,0.5,800.0,persistent,0.0006440594006588,0.0006440609052881,-1.504629251378696e-09,-2.336165344127623e-06,attenuation
245,test,False,0.25,800.0,short,0.0006438688226431,0.0006438696629365,-8.402933552968671e-10,-1.3050691782954155e-06,attenuation
246,test,False,0.25,800.0,recurrent,0.0007533935416093,0.0007537957769877,-4.022353784659998e-07,-0.0005338980974097516,attenuation
247,test,False,0.75,300.0,recurrent,0.000643895778836,0.0006438962885053,-5.096693852547907e-10,-7.915401871031728e-07,attenuation
248,test,False,1.0,800.0,short,0.0007734968072174,0.0007744704620744,-9.736548570065447e-07,-0.0012587703632665262,attenuation
249,test,False,0.25,300.0,short,0.0006437848795978,0.0006437848084865,7.11112695421165e-11,1.1045812319565932e-07,amplification
250,test,False,0.25,800.0,short,0.0008014769643834,0.0008101313612432,-8.654396859742526e-06,-0.010798060635966762,attenuation
251,test,False,0.75,1600.0,persistent,0.0006440338863643,0.0006440341639258,-2.7756152628025105e-10,-4.309734816084621e-07,attenuation
252,test,False,0.5,800.0,recurrent,0.0010641119818179,0.0010960653857863,-3.195340396847926e-05,-0.030028234353578962,attenuation
253,test,False,0.75,800.0,short,0.0006438536030289,0.000643854757504,-1.154475019055079e-09,-1.7930706819439188e-06,attenuation
254,test,False,0.25,800.0,persistent,0.0007080186153203,0.0007151447058869,-7.126090566652471e-06,-0.010064835037463958,attenuation
255,test,False,0.75,800.0,short,0.0008538974876531,0.0008717569777515,-1.785949009835844e-05,-0.020915262495319515,attenuation
256,test,False,0.75,1600.0,recurrent,0.0006447326401875,0.0006447396006666,-6.9604791563728655e-09,-1.0795915581920331e-05,attenuation
257,test,False,0.25,300.0,short,0.0006437973030122,0.0006437975030384,-2.0002618365908687e-10,-3.1069745512011936e-07,attenuation
258,test,False,0.25,1600.0,short,0.0006964097659288,0.0006969295849376,-5.198190087612412e-07,-0.0007464269374051063,attenuation
259,test,False,0.75,800.0,recurrent,0.0009605928027647,0.0009908072937023,-3.021449093765574e-05,-0.0314540051213114,attenuation
260,test,False,0.75,300.0,recurrent,0.0006437842303467,0.0006437847040916,-4.737449378101888e-10,-7.358753375413697e-07,attenuation
261,test,False,0.75,1600.0,persistent,0.0032302453147933,0.0033120603175656,-8.181500277228831e-05,-0.025327798603284584,attenuation
262,test,False,0.25,300.0,short,0.0006450850298339,0.0006450985497076,-1.3519873648891977e-08,-2.0958281503406067e-05,attenuation
263,test,False,0.5,300.0,recurrent,0.0006437845464075,0.0006437844663843,8.0023205618375e-11,1.243012216818921e-07,amplification
264,test,False,0.25,1600.0,short,0.001000243062726,0.0010098157891756,-9.572726449616832e-06,-0.009570400242045089,attenuation
265,test,False,0.25,300.0,recurrent,0.0006507325858141,0.0006507466259546,-1.4040140590833132e-08,-2.1575899066539278e-05,attenuation
266,test,False,0.75,300.0,recurrent,0.0006439368457306,0.0006439362727525,5.729780452184974e-10,8.898047207850112e-07,amplification
267,test,False,0.5,300.0,short,0.0006437839352049,0.0006437844701617,-5.349567473028616e-10,-8.309569687112469e-07,attenuation
268,test,False,0.25,1600.0,persistent,0.0006488181382694,0.0006488626559719,-4.451770254905799e-08,-6.861352962141374e-05,attenuation
269,test,False,1.0,300.0,recurrent,0.0006439500630818,0.0006439505881812,-5.250993980994781e-10,-8.154349664731309e-07,attenuation
270,test,False,0.25,300.0,recurrent,0.0006437839538951,0.0006437844711546,-5.172595306723524e-10,-8.034675725338691e-07,attenuation
271,test,False,0.75,1600.0,short,0.0044779247456587,0.0047772360707795,-0.0002993113251207,-0.06684152640369384,attenuation
272,test,False,0.25,1600.0,recurrent,0.0011751012306314,0.0011883275405677,-1.3226309936379807e-05,-0.011255464288189968,attenuation
273,test,False,0.5,300.0,short,0.0006437842516858,0.0006437844663843,-2.1469848598618116e-10,-3.334944671665642e-07,attenuation
274,test,False,0.75,800.0,persistent,0.000839373473054,0.0008462766153059,-6.903142251863011e-06,-0.008224160607252007,attenuation
275,test,False,0.75,300.0,short,0.0006437855126788,0.0006437853480988,1.645800528195587e-10,2.5564423177952376e-07,amplification
276,test,False,0.5,300.0,recurrent,0.0006437837702081,0.0006437844663843,-6.961761383301664e-10,-1.0813819337277342e-06,attenuation
277,test,False,0.25,800.0,recurrent,0.0006437867083666,0.0006437868917818,-1.8341520489906227e-10,-2.8490057734248485e-07,attenuation
278,test,False,0.75,1600.0,recurrent,0.0006545749131396,0.0006546619295919,-8.701645229489043e-08,-0.00013293581918305598,attenuation
279,test,False,0.25,800.0,recurrent,0.0006437843948368,0.000643784512242,-1.1740511720367136e-10,-1.823671374225119e-07,attenuation
280,test,False,0.25,300.0,persistent,0.0006437836799386,0.0006437845624338,-8.824951552941633e-10,-1.370794542940775e-06,attenuation
281,test,False,0.75,800.0,persistent,0.0009287935538886,0.000930439719171,-1.646165282440733e-06,-0.001772369409271519,attenuation
282,test,False,0.75,1600.0,persistent,0.000646785406085,0.0006468046289393,-1.9222854354627138e-08,-2.9720606206907653e-05,attenuation
283,test,False,0.75,1600.0,short,0.0006439225706576,0.0006439231268792,-5.562216631293386e-10,-8.638020912379301e-07,attenuation
284,test,False,0.25,1600.0,recurrent,0.0007099701548799,0.0007105740519641,-6.038970842192539e-07,-0.0008505950286338591,attenuation
285,test,False,0.75,300.0,persistent,0.0006439736674233,0.000643975274795,-1.607371724545066e-09,-2.496020886966641e-06,attenuation
286,test,False,1.0,300.0,persistent,0.0006455566514059,0.0006455643058619,-7.654455992981389e-09,-1.1857140618583103e-05,attenuation
287,test,False,0.5,800.0,recurrent,0.000643790666925,0.0006437914497155,-7.827905079780401e-10,-1.2159084438377439e-06,attenuation
288,test,False,0.25,300.0,recurrent,0.0006437842379009,0.0006437844663843,-2.2848337815923464e-10,-3.549067602279599e-07,attenuation
289,test,False,0.75,1600.0,persistent,0.0006437947544451,0.0006437947386551,1.578993576514809e-11,2.4526350449620798e-08,amplification
290,test,False,0.25,300.0,recurrent,0.0006437839339959,0.0006437845253187,-5.913228057164917e-10,-9.185112807121676e-07,attenuation
291,test,False,0.5,800.0,persistent,0.0006437889201854,0.0006437895975815,-6.773961064385907e-10,-1.0522021818013154e-06,attenuation
292,test,False,0.25,300.0,short,0.000643784451414,0.0006437844663843,-1.49702792480097e-11,-2.325355826026734e-08,attenuation
293,test,False,0.25,1600.0,persistent,0.000648610472227,0.000648624187316,-1.37150890148997e-08,-2.114534008032437e-05,attenuation
294,test,False,0.75,300.0,short,0.0006438419356441,0.0006438424925383,-5.568941684750209e-10,-8.649547934741211e-07,attenuation
295,test,False,0.5,300.0,recurrent,0.0006437841073823,0.0006437844865208,-3.7913849208585926e-10,-5.889217949593068e-07,attenuation
296,test,False,0.75,300.0,recurrent,0.0006437840856234,0.0006437844663843,-3.807608291162001e-10,-5.914418166262922e-07,attenuation
297,test,False,0.75,800.0,recurrent,0.0006456874156573,0.0006456879094048,-4.937474768233405e-10,-7.646849928470621e-07,attenuation
298,test,False,0.5,300.0,short,0.0006437838038502,0.0006437844663843,-6.625341240256225e-10,-1.0291251815645013e-06,attenuation
299,test,False,0.5,300.0,recurrent,0.000643784350585,0.0006437844663843,-1.1579931306383849e-10,-1.7987283002237144e-07,attenuation
300,test,False,0.75,800.0,recurrent,0.0009217754228922,0.000923896450466,-2.121027573861599e-06,-0.0023010242204186534,attenuation
301,test,False,1.0,800.0,recurrent,0.0006999989516047,0.0007004625943322,-4.636427275197782e-07,-0.0006623477456029167,attenuation
302,test,False,1.0,800.0,persistent,0.0006617042154701,0.000661704587441,-3.719709679161909e-10,-5.621408466499317e-07,attenuation
303,test,False,0.5,1600.0,recurrent,0.0006438487319739,0.0006438489882032,-2.56229350562541e-10,-3.979651396951541e-07,attenuation
304,test,False,1.0,300.0,short,0.0018525131019081,0.0020593659188606,-0.0002068528169524,-0.11166064992433268,attenuation
305,test,False,0.5,1600.0,persistent,0.0006850073354193,0.0006852659770397,-2.586416203571559e-07,-0.0003775749645058015,attenuation
306,test,False,1.0,300.0,recurrent,0.0006634533421887,0.0006638967436643,-4.434014756512627e-07,-0.0006683235239851276,attenuation
307,test,False,0.5,800.0,short,0.000730192522794,0.0007367278985341,-6.535375740080005e-06,-0.008950209069620598,attenuation
308,test,False,0.5,1600.0,persistent,0.0006445897750212,0.0006446029894274,-1.3214406170865278e-08,-2.050048989751764e-05,attenuation
309,test,False,0.75,1600.0,recurrent,0.0006553656960047,0.0006554562742179,-9.057821314642412e-08,-0.00013821018356410057,attenuation
310,test,False,0.25,800.0,short,0.000643787703171,0.0006437874135613,2.8960964019737046e-10,4.498527057458344e-07,amplification
311,test,False,0.25,1600.0,short,0.0006438466117208,0.0006438471793089,-5.675880980493542e-10,-8.815579483013342e-07,attenuation
312,test,False,1.0,300.0,recurrent,0.0006438111085294,0.0006438117349928,-6.264634354888678e-10,-9.73054716188172e-07,attenuation
313,test,False,0.25,1600.0,recurrent,0.0006516398938782,0.0006517046407894,-6.474691118711975e-08,-9.935995600542806e-05,attenuation
314,test,False,1.0,800.0,recurrent,0.0010689678433358,0.001072648675765,-3.680832429221737e-06,-0.003443351876456268,attenuation
315,test,False,0.25,800.0,persistent,0.0007552954481272,0.0007636150590968,-8.319610969623648e-06,-0.011015041849189769,attenuation
316,test,False,0.75,800.0,short,0.0006437843640491,0.0006437848205532,-4.5650410545900605e-10,-7.090947387845994e-07,attenuation
317,test,False,0.5,300.0,short,0.0006437842081476,0.0006437844717718,-2.6362418888495326e-10,-4.0949154320435324e-07,attenuation
318,test,False,0.25,1600.0,persistent,0.0013329594617278,0.0013508980065499,-1.7938544822193765e-05,-0.013457682200583642,attenuation
319,test,False,0.5,300.0,persistent,0.0006438021250172,0.0006438024494979,-3.2448068711110606e-10,-5.040068594095385e-07,attenuation
320,test,False,1.0,800.0,persistent,0.0006491354693992,0.0006511081334939,-1.972664094681306e-06,-0.003038909730979703,attenuation
321,test,False,0.5,800.0,short,0.0007035043906293,0.0007091623076309,-5.657917001597977e-06,-0.00804247574991941,attenuation
322,test,False,0.5,300.0,recurrent,0.0006442976050209,0.0006443176340416,-2.0029020719302543e-08,-3.1086598123630824e-05,attenuation
323,test,False,0.25,300.0,persistent,0.0006437836959049,0.0006437844663843,-7.704793790822007e-10,-1.1967985271811174e-06,attenuation
324,test,False,0.25,800.0,short,0.0006502458139641,0.0006502674727159,-2.1658751784029918e-08,-3.3308560115122395e-05,attenuation
325,test,False,0.75,800.0,persistent,0.0006437901417772,0.0006437909561929,-8.144157007854493e-10,-1.2650328856189578e-06,attenuation
326,test,False,0.25,1600.0,persistent,0.0031651247292664,0.0033082692298498,-0.0001431445005834,-0.04522554806760411,attenuation
327,test,False,1.0,800.0,recurrent,0.0006717919032441,0.0006717243610177,6.754222643017612e-08,0.00010054039964461168,amplification
328,test,False,0.75,800.0,short,0.0010272298527008,0.001060100767801,-3.287091510020303e-05,-0.03199957148225257,attenuation
329,test,False,0.5,800.0,persistent,0.000643793946375,0.0006437944469582,-5.005831919769817e-10,-7.775518778882704e-07,attenuation
330,test,False,0.75,800.0,recurrent,0.0006501932041572,0.0006502282840689,-3.507991175300505e-08,-5.395305815057955e-05,attenuation
331,test,False,0.75,800.0,short,0.0006898786376009,0.0006905897059287,-7.11068327809909e-07,-0.0010307150983580207,attenuation
332,test,False,0.5,300.0,recurrent,0.0006442471367564,0.0006442590209048,-1.1884148382284958e-08,-1.844656763570304e-05,attenuation
333,test,False,0.75,1600.0,short,0.0006438513010088,0.0006438517715871,-4.705782911777755e-10,-7.308803918551743e-07,attenuation
334,test,False,0.25,300.0,persistent,0.0006437969532659,0.0006437976916452,-7.38379320902073e-10,-1.1469133507954157e-06,attenuation
335,test,False,0.5,300.0,recurrent,0.0006437842200718,0.0006437844663843,-2.463125028375965e-10,-3.8260102555810663e-07,attenuation
336,test,False,0.75,300.0,persistent,0.0006440052281595,0.0006440036478289,1.5803306004308695e-09,2.453909582298408e-06,amplification
337,test,False,0.25,300.0,persistent,0.0006437841041365,0.0006437844663843,-3.6224775685610855e-10,-5.626851525667711e-07,attenuation
338,test,False,0.75,800.0,persistent,0.0008566072259427,0.0008718831063441,-1.5275880401469642e-05,-0.01783300436750165,attenuation
339,test,False,0.75,300.0,recurrent,0.0006437841556469,0.0006437845318887,-3.7624182729848604e-10,-5.844223160795613e-07,attenuation
340,test_structural,True,1.0,1600.0,short,0.0008610821308435,0.0008635061571432,-2.4240262997379976e-06,-0.0028150930241270557,attenuation
341,test_structural,True,1.0,1600.0,persistent,0.0006440022743506,0.0006440030276299,-7.532793223821026e-10,-1.1696842579347961e-06,attenuation
342,test_structural,True,1.0,1600.0,persistent,0.0006442121761258,0.0006442116625991,5.135266787541572e-10,7.971390448445623e-07,amplification
343,test_structural,True,1.0,1600.0,short,0.0006438725934029,0.0006438733585451,-7.651422038274998e-10,-1.1883441097930316e-06,attenuation
344,test_structural,True,1.0,1600.0,persistent,0.0016031307531837,0.0016106176464456,-7.486893261883639e-06,-0.00467017007004277,attenuation
345,test_structural,True,1.0,1600.0,recurrent,0.0075328544262225,0.0079204362863491,-0.0003875818601266,-0.051452190391121186,attenuation
346,test_structural,True,1.0,1600.0,short,0.0017330251088572,0.0017964499596266,-6.342485076932486e-05,-0.036597767940678476,attenuation
347,test_structural,True,1.0,1600.0,recurrent,0.0009452780182888,0.0009547143743549,-9.436356066122478e-06,-0.009982625093942992,attenuation
348,test_structural,True,1.0,1600.0,short,0.0007474325352279,0.0007481498668303,-7.173316024161125e-07,-0.0009597275588189249,attenuation
349,test_structural,True,1.0,1600.0,recurrent,0.0017866242477697,0.0018532356485245,-6.661140075479659e-05,-0.037283385601616974,attenuation
350,test_structural,True,1.0,1600.0,short,0.0008260951457019,0.0008277957527166,-1.7006070147622268e-06,-0.00205860913674452,attenuation
351,test_structural,True,1.0,1600.0,persistent,0.0067150950290304,0.0074075937259599,-0.0006924986969295,-0.10312567341723688,attenuation
352,test_structural,True,1.0,1600.0,short,0.0008878505335254,0.0008904081345197,-2.5576009943075254e-06,-0.0028806661681578596,attenuation
353,test_structural,True,1.0,1600.0,short,0.0025124101830802,0.0025913765550391,-7.896637195896382e-05,-0.0314305253540055,attenuation
354,test_structural,True,1.0,1600.0,recurrent,0.0009633722153001,0.0009666815011462,-3.3092858460787456e-06,-0.003435106175496114,attenuation
355,test_structural,True,1.0,1600.0,persistent,0.0006481484546842,0.0006486329094079,-4.84454723728104e-07,-0.0007474440773975876,attenuation
356,test_structural,True,1.0,1600.0,recurrent,0.0034167757952311,0.0034756378520667,-5.8862056835610674e-05,-0.01722736883051158,attenuation
357,test_structural,True,1.0,1600.0,persistent,0.0026882060093602,0.0028161389148609,-0.0001279329055006,-0.04759043951808156,attenuation
358,test_structural,True,1.0,1600.0,short,0.0007245382041267,0.0007255430381234,-1.0048339967617123e-06,-0.0013868613015001166,attenuation
359,test_structural,True,1.0,1600.0,short,0.0018924849041385,0.0019253001335886,-3.281522945010134e-05,-0.017339757573939296,attenuation
360,test_structural,True,1.0,1600.0,persistent,0.0055514764866272,0.0058287244984622,-0.0002772480118349,-0.0499413106590211,attenuation
361,test_structural,True,1.0,1600.0,recurrent,0.0093073132249238,0.0093018309085185,5.482316405300627e-06,0.0005890331906548156,amplification
362,test_structural,True,1.0,1600.0,recurrent,0.0023920004477497,0.0024301264539226,-3.8126006172898e-05,-0.015938962807789375,attenuation
363,test_structural,True,1.0,1600.0,recurrent,0.0009445285022361,0.000956498857844,-1.1970355607944494e-05,-0.012673366213518788,attenuation
364,test_structural,True,1.0,1600.0,short,0.0026736157311818,0.0027162210419288,-4.260531074700563e-05,-0.015935465313922693,attenuation
365,test_structural,True,1.0,1600.0,short,0.0024390083238466,0.0025144747599296,-7.546643608299063e-05,-0.030941442612205303,attenuation
366,test_structural,True,1.0,1600.0,persistent,0.0006458638623769,0.0006459661978483,-1.0233547138773641e-07,-0.00015844743350575878,attenuation
367,test_structural,True,1.0,1600.0,persistent,0.0053523955044157,0.0057535514057998,-0.0004011559013841,-0.07494885253773723,attenuation
368,test_structural,True,1.0,1600.0,recurrent,0.0006443755507505,0.0006443770433395,-1.4925889502224315e-09,-2.3163339274496416e-06,attenuation
369,test_structural,True,1.0,1600.0,persistent,0.0045055493523025,0.0045876328160133,-8.208346371083117e-05,-0.018218303095244876,attenuation
370,test_structural,True,1.0,1600.0,short,0.0015780016241617,0.0016148656159603,-3.686399179863784e-05,-0.023361187488144395,attenuation
371,test_structural,True,1.0,1600.0,short,0.0006447164464892,0.0006447176308499,-1.184360615331427e-09,-1.8370255975023695e-06,attenuation
372,test_structural,True,1.0,1600.0,recurrent,0.0018096128157792,0.0018226546338667,-1.3041818087476328e-05,-0.007206966028178056,attenuation
373,test_structural,True,1.0,1600.0,recurrent,0.001114284347181,0.0011259661650822,-1.1681817901223026e-05,-0.01048369559419601,attenuation
374,test_structural,True,1.0,1600.0,recurrent,0.0006437953444752,0.0006437963656681,-1.021192872884685e-09,-1.5862072965394411e-06,attenuation
375,test_structural,True,1.0,1600.0,short,0.0069067463382643,0.0072908348476123,-0.000384088509348,-0.055610629164140314,attenuation
376,test_structural,True,1.0,1600.0,persistent,0.0022347176325392,0.0023283895254117,-9.367189287245049e-05,-0.041916657168904026,attenuation
377,test_structural,True,1.0,1600.0,recurrent,0.0008895438922987,0.0008920672741858,-2.5233818870578277e-06,-0.0028367143082024568,attenuation
378,test_structural,True,1.0,1600.0,persistent,0.0023669174600209,0.002418066144385,-5.114868436419161e-05,-0.021609830181294098,attenuation
379,test_structural,True,1.0,1600.0,short,0.000830802779979,0.0008326275918892,-1.8248119102572207e-06,-0.0021964441552582985,attenuation
380,test_structural,True,1.0,1600.0,short,0.000874710652006,0.0008775322600078,-2.821608001739415e-06,-0.0032257615650027093,attenuation
381,test_structural,True,1.0,1600.0,persistent,0.0006587987681673,0.0006589960919429,-1.9732377560068882e-07,-0.00029952055944126936,attenuation
382,test_structural,True,1.0,1600.0,short,0.0077225216801478,0.0077740256341766,-5.150395402884426e-05,-0.0066693181530645485,attenuation
383,test_structural,True,1.0,1600.0,persistent,0.0066216873187685,0.0074040919126643,-0.0007824045938957,-0.11815788880245881,attenuation
384,test_structural,True,1.0,1600.0,recurrent,0.0006842092499965,0.0006857347128101,-1.5254628135994526e-06,-0.0022295267326585483,attenuation
385,test_structural,True,1.0,1600.0,short,0.0006549205838951,0.0006587925220139,-3.871938118869822e-06,-0.005912072721614134,attenuation
386,test_structural,True,1.0,1600.0,persistent,0.0006953346009685,0.0006969497445647,-1.6151435962106098e-06,-0.002322829316937413,attenuation
387,test_structural,True,1.0,1600.0,persistent,0.0006585037656568,0.0006586737284993,-1.6996284248418665e-07,-0.0002581045870173021,attenuation
388,test_structural,True,1.0,1600.0,short,0.0006959575749923,0.0006962902395099,-3.3266451760557026e-07,-0.0004779953973620459,attenuation
389,test_structural,True,1.0,1600.0,recurrent,0.0073567816908898,0.0078051679085123,-0.0004483862176224,-0.06094869148797154,attenuation
390,test_structural,True,1.0,1600.0,short,0.0006439307941123,0.0006439356886882,-4.894575950380349e-09,-7.601090047460514e-06,attenuation
391,test_structural,True,1.0,1600.0,persistent,0.0007857793389968,0.0007868960742232,-1.1167352264071072e-06,-0.001421181712200319,attenuation
392,test_structural,True,1.0,1600.0,short,0.0015372069619773,0.0015826270529163,-4.542009093897272e-05,-0.029547154067367173,attenuation
393,test_structural,True,1.0,1600.0,recurrent,0.0051124311501517,0.005615300987104,-0.0005028698369523,-0.09836217294337127,attenuation
394,test_structural,True,1.0,1600.0,persistent,0.0031357703964175,0.0032002677069462,-6.449731052878037e-05,-0.020568250342074195,attenuation
395,test_structural,True,1.0,1600.0,short,0.0006446224333425,0.0006446326756947,-1.0242352168439092e-08,-1.5888916734297297e-05,attenuation
396,test_structural,True,1.0,1600.0,short,0.0017575169345965,0.0017880192618646,-3.050232726812445e-05,-0.01735535326442094,attenuation
397,test_structural,True,1.0,1600.0,short,0.0006462764918274,0.0006462768306021,-3.3877463735763197e-10,-5.241945848900039e-07,attenuation
398,test_structural,True,1.0,1600.0,short,0.0006540444917307,0.0006541245564944,-8.006476367842815e-08,-0.00012241485814912186,attenuation
399,test_structural,True,1.0,1600.0,recurrent,0.0006461998673846,0.000646248490778,-4.862339338497849e-08,-7.524513055345339e-05,attenuation
400,test_structural,True,1.0,1600.0,short,0.0006438041897012,0.0006438046262118,-4.365106325444207e-10,-6.780176947077843e-07,attenuation
401,test_structural,True,1.0,1600.0,recurrent,0.0009335000089331,0.0009335046124603,-4.6035272227270074e-09,-4.931469928948788e-06,attenuation
402,test_structural,True,1.0,1600.0,recurrent,0.0018849496257912,0.0019185481499853,-3.359852419408324e-05,-0.01782462710640365,attenuation
403,test_structural,True,1.0,1600.0,persistent,0.0031774288828784,0.0032435763045402,-6.61474216618e-05,-0.020817907843110474,attenuation
404,test_structural,True,1.0,1600.0,short,0.0008590826161918,0.0008612761938615,-2.1935776696437254e-06,-0.0025533954805971584,attenuation
405,test_structural,True,1.0,1600.0,persistent,0.0006437986256756,0.0006437990927648,-4.670892323095642e-10,-7.255207042720889e-07,attenuation
406,test_structural,True,1.0,1600.0,recurrent,0.0034640885201069,0.0034963489528474,-3.2260432740490244e-05,-0.009312819967861187,attenuation
407,test_structural,True,1.0,1600.0,persistent,0.0010356500910003,0.001039301150307,-3.651059306735002e-06,-0.003525379216843949,attenuation
408,test_structural,True,1.0,1600.0,persistent,0.0031392467756515,0.0032038407273436,-6.459395169206537e-05,-0.02057625803522883,attenuation
409,test_structural,True,1.0,1600.0,recurrent,0.0006487297370002,0.0006487322177143,-2.480714103103923e-09,-3.823956204898247e-06,attenuation
410,test_structural,True,1.0,1600.0,short,0.0040747344933058,0.0043696369198068,-0.000294902426501,-0.07237340911057691,attenuation
411,test_structural,True,1.0,1600.0,short,0.0008922259504036,0.0008934840718508,-1.2581214472047984e-06,-0.0014100928656420326,attenuation
412,test_structural,True,1.0,1600.0,persistent,0.0011300138466142,0.0011490010087651,-1.8987162150865475e-05,-0.016802592470663694,attenuation
413,test_structural,True,1.0,1600.0,persistent,0.0006443424399521,0.0006443429303589,-4.904068362336643e-10,-7.610965937151692e-07,attenuation
414,test_structural,True,1.0,1600.0,persistent,0.0006672430063742,0.0006674663367085,-2.2333033435019325e-07,-0.0003347061448628301,attenuation
415,test_structural,True,1.0,1600.0,short,0.0006440448917077,0.0006440454980582,-6.063505834583148e-10,-9.41472545260878e-07,attenuation
416,test_structural,True,1.0,1600.0,recurrent,0.0006445666297178,0.0006445678844854,-1.2547675315227255e-09,-1.946683979082317e-06,attenuation
417,test_structural,True,1.0,1600.0,short,0.0059100572682144,0.0063706899301782,-0.0004606326619637,-0.07794047351132868,attenuation
418,test_structural,True,1.0,1600.0,recurrent,0.0006528417715363,0.0006528427664761,-9.94939736826371e-10,-1.5240135974832444e-06,attenuation
419,test_structural,True,1.0,1600.0,short,0.0019133880151523,0.0019588939594062,-4.550594425385733e-05,-0.023782914857567554,attenuation
